ID,edad,ingreso,estudiante,calificacion_credito,comprar_computadora
1,joven,alto,no,favorable,no
2,joven,alto,no,excelente,no
3,adulto,alto,no,favorable,si
4,a_mayor,medio,no,favorable,si
5,a_mayor,bajo,si,favorable,si
6,a_mayor,bajo,si,excelente,no
7,adulto,bajo,si,excelente,si
8,joven,medio,no,favorable,no
9,joven,bajo,si,favorable,si
10,a_mayor,medio,si,favorable,si
11,joven,medio,si,excelente,si
12,adulto,medio,no,excelente,si
13,adulto,alto,si,favorable,si
14,a_mayor,medio,no,excelente,no
